Inventory Item,,,0,0
Inv,,,0,0
Inv,,,0,0
Abrasive,,,0,0
Abrasive,,,0,0
Cutting,,,0,0
Cutting,,,0,0
1007.006.0001,5785,89,65,65
1007.006.0002,2310,22,105,105
1007.006.0003,60475,192,314.973958333333,314.973958333333
1007.006.0004,3150,10,315,315
Total - Cutting,71720,313,229.137380191693,229.137380191693
Emery Paper,,,0,0
Emery Paper,,,0,0
1007.007.0001,,,0,0
1007.007.0002,,,0,0
1007.007.0004,,,0,0
1007.007.0005,,,0,0
Total - Emery Paper,0,0,0,0
Grinding,,,0,0
Grinding,,,0,0
1007.002.0001,0,0,0,0
1007.002.0002,2263,31,73,73
1007.002.0003,2181.44,17,128.32,128.32
1007.004.0001,0,0,0,0
1007.004.0002,176444.36,412,428.263009708738,428.263009708738
1007.004.0003,186050.48,384,484.506458333333,484.506458333333
Total - Grinding,366939.28,844,434.762180094787,434.762180094787
Polishing,,,0,0
Polishing,,,0,0
1007.005.0004,,,0,0
1007.005.0005,89598.95,197,454.817005076142,454.817005076142
1007.005.0006,180216.3,260,693.139615384615,693.139615384615
1007.005.0007,214624.43,520,412.739288461538,412.739288461538
Total - Polishing,484439.68,977,495.844094165814,495.844094165814
Total - Abrasive,923098.96,2134,432.567460168697,432.567460168697
AC Supply,,,0,0
AC Supply,,,0,0
0098.001.0001,,,0,0
0098.001.0002,1050,1,1050,1050
0098.001.0003,3150,3,1050,1050
0098.001.0004,1300,2,650,650
0098.001.0005,,,0,0
0098.001.0006,18700,1,18700,18700
0098.001.0007,,,0,0
0098.001.0008,,,0,0
0098.001.0009,4800,1,4800,4800
0098.001.0010,941143.74,1,941143.74,941143.74
0098.001.0011,0,0,0,0
Total - AC Supply,970143.74,9,107793.748888889,107793.748888889
Additive,,,0,0
Additive,,,0,0
1008.001.0005,0,0,0,0
Acids,,,0,0
Acids,,,0,0
1008.001.0001,0,0,0,0
Total - Acids,0,0,0,0
Chlorine Powder,,,0,0
Chlorine Powder,,,0,0
1008.001.0003,0,0,0,0
Total - Chlorine Powder,0,0,0,0
Distilled Water,,,0,0
Distilled Water,,,0,0
1008.001.0002,,,0,0
Total - Distilled Water,0,0,0,0
Total - Additive,0,0,0,0
Adhesives,,,0,0
Adhesives,,,0,0
1006.001.0002,1950,2,975,975
1006.001.0003,0,0,0,0
1006.001.0004,,,0,0
1006.001.0008,,,0,0
1006.001.0009,,,0,0
1006.001.0010,,,0,0
Total - Adhesives,1950,2,975,975
Advant 500 system,,,0,0
Advant 500 system,,,0,0
0131.001.0001,,,0,0
Total - Advant 500 system,0,0,0,0
AV,,,0,0
AV,,,0,0
Connector,,,0,0
Connector,,,0,0
2001.001.0002,1337.34,73,18.3197260273973,18.3197260273973
2001.001.0003,2711.75,111,24.4301801801802,24.4301801801802
2001.001.0004,952.23,39,24.4161538461538,24.4161538461538
2001.001.0005,130.16,11,11.8327272727273,11.8327272727273
Total - Connector,5131.48,234,21.9294017094017,21.9294017094017
Power Pass,,,0,0
Power Pass,,,0,0
2001.002.0001,182.96,1,182.96,182.96
2001.002.0002,0,0,0,0
2001.002.0003,512.72,2,256.36,256.36
2001.002.0005,0,0,0,0
Total - Power Pass,695.68,3,231.893333333333,231.893333333333
Total - AV,5827.16,237,24.5871729957806,24.5871729957806
Bathroom,,,0,0
Bathroom,,,0,0
Fixture,,,0,0
Fixture,,,0,0
1010.002.0005,,,0,0
1010.002.0006,0,0,0,0
Total - Fixture,0,0,0,0
Geyser,,,0,0
Geyser,,,0,0
1010.003.0003,0,0,0,0
Total - Geyser,0,0,0,0
Tap&Cock,,,0,0
Tap&Cock,,,0,0
1010.005.0002,,,0,0
Total - Tap&Cock,0,0,0,0
Total - Bathroom,0,0,0,0
Breaker Cubicles,,,0,0
Breaker Cubicles,,,0,0
0034.001.0001,,,0,0
0034.001.0002,2764,2,1382,1382
0034.001.0003,2764,2,1382,1382
0034.001.0004,1382,1,1382,1382
0034.001.0005,880825,5,176165,176165
0034.001.0006,6618.95,20,330.9475,330.9475
0034.001.0007,3640.55,11,330.959090909091,330.959090909091
0034.001.0008,1986.09,6,331.015,331.015
0034.001.0009,115838,1,115838,115838
0034.001.0010,377300.55,1,377300.55,377300.55
0034.001.0011,62883,1,62883,62883
0034.001.0012,72812.7,1,72812.7,72812.7
0034.001.0013,79431.65,1,79431.65,79431.65
0034.001.0014,119147.05,1,119147.05,119147.05
0034.001.0015,119147.05,1,119147.05,119147.05
0034.001.0016,92670.4,1,92670.4,92670.4
0034.001.0017,92670.4,1,92670.4,92670.4
0034.001.0018,11200,2,5600,5600
0034.001.0019,4500,1,4500,4500
0034.001.0020,6000,8,750,750
0034.001.0021,22467.2,2,11233.6,11233.6
Total - Breaker Cubicles,2076048.59,69,30087.6607246377,30087.6607246377
Breathing Equip,,,0,0
Breathing Equip,,,0,0
0105.001.0001,111535.3,1,111535.3,111535.3
Total - Breathing Equip,111535.3,1,111535.3,111535.3
Busbar,,,0,0
Busbar,,,0,0
0036.001.0001,1500,20,75,75
0036.001.0002,7650,3,2550,2550
0036.001.0003,3640,2,1820,1820
0036.001.0004,58990,34,1735,1735
0036.001.0005,8050,23,350,350
0036.001.0006,113750,182,625,625
0036.001.0007,8556,12,713,713
0036.001.0008,1700,4,425,425
Total - Busbar,203836,280,727.985714285714,727.985714285714
Cable,,,0,0
Cable,,,0,0
0037.001.0001,5762.15,2,2881.075,2881.075
0037.001.0002,5762.15,2,2881.075,2881.075
0037.001.0003,5762.15,2,2881.075,2881.075
0037.001.0004,2880.65,1,2880.65,2880.65
0037.001.0005,16250,5,3250,3250
0037.001.0006,11300,2,5650,5650
0037.001.0007,6500,2,3250,3250
0037.001.0008,3250,1,3250,3250
0037.001.0009,5650,1,5650,5650
0037.001.0010,6500,2,3250,3250
0037.001.0011,9400,8,1175,1175
0037.001.0012,8225,7,1175,1175
0037.001.0013,4950,3,1650,1650
0037.001.0014,985,1,985,985
0037.001.0015,3525,3,1175,1175
0037.001.0016,10240,8,1280,1280
0037.001.0017,1320,1,1320,1320
0037.001.0018,3960,3,1320,1320
0037.001.0019,1650,1,1650,1650
0037.001.0020,9750,5,1950,1950
0037.001.0021,3900,2,1950,1950
0037.001.0022,9750,5,1950,1950
0037.001.0023,1550,1,1550,1550
0037.001.0024,1765,1,1765,1765
0037.001.0025,7500,30,250,250
0037.001.0026,9720,36,270,270
0037.001.0027,9800,40,245,245
0037.001.0028,17875,65,275,275
0037.001.0029,2250,5,450,450
0037.001.0030,920,2,460,460
0037.001.0031,320,1,320,320
0037.001.0032,100,2,50,50
0037.001.0033,20166.25,7,2880.89285714286,2880.89285714286
0037.001.0034,110,1,110,110
0037.001.0035,304,4,76,76
0037.001.0036,255,3,85,85
0037.001.0037,625,5,125,125
0037.001.0038,1960,8,245,245
0037.001.0039,3145,17,185,185
0037.001.0040,10710,51,210,210
0037.001.0041,1375,5,275,275
0037.001.0042,6860,28,245,245
0037.001.0043,500,2,250,250
0037.001.0044,1080,4,270,270
0037.001.0045,125,1,125,125
0037.001.0046,750,6,125,125
0037.001.0047,810,3,270,270
0037.001.0048,0,0,0,0
0037.001.0049,,,0,0
0037.001.0050,85,1,85,85
0037.001.0051,,,0,0
0037.001.0052,2961,3,987,987
0037.001.0053,20727,21,987,987
0037.001.0054,20727,21,987,987
0037.001.0055,4410,21,210,210
0037.001.0056,893,1,893,893
0037.001.0057,86814.75,3,28938.25,28938.25
0037.001.0058,31738.15,2,15869.075,15869.075
2002.004.0001,,,0,0
Bonded Coil,,,0,0
Bonded Coil,,,0,0
2005.009.0001,,,0,0
2005.009.0002,,,0,0
Total - Bonded Coil,0,0,0,0
Cable Shoe,,,0,0
Cable Shoe,,,0,0
2005.001.0001,0,0,0,0
2005.001.0002,167.69,25,6.7076,6.7076
2005.001.0003,39.66,5,7.932,7.932
2005.001.0004,537.94,55,9.78072727272727,9.78072727272727
2005.001.0005,619.03,39,15.8725641025641,15.8725641025641
2005.001.0006,348.17,19,18.3247368421053,18.3247368421053
2005.001.0007,,,0,0
2005.001.0008,,,0,0
2005.001.0018,,,0,0
2005.001.0019,445.4,56,7.95357142857143,7.95357142857143
2005.001.0020,95.2,13,7.32307692307692,7.32307692307692
2005.001.0021,651.08,82,7.94,7.94
2005.001.0022,423.36,33,12.8290909090909,12.8290909090909
2005.001.0023,,,0,0
Total - Cable Shoe,3327.53,327,10.1759327217125,10.1759327217125
Coaxial,,,0,0
Coaxial,,,0,0
2002.001.0001,,,0,0
Total - Coaxial,0,0,0,0
Phone,,,0,0
Phone,,,0,0
2002.002.0001,,,0,0
Total - Phone,0,0,0,0
Ties,,,0,0
Ties,,,0,0
2005.005.0001,,,0,0
2005.005.0002,,,0,0
2005.005.0003,,,0,0
2005.005.0004,,,0,0
2005.005.0005,,,0,0
2005.005.0006,,,0,0
2005.005.0007,,,0,0
Total - Ties,0,0,0,0
Wall Grip,,,0,0
Wall Grip,,,0,0
2005.002.0001,,,0,0
2005.002.0002,,,0,0
Total - Wall Grip,0,0,0,0
Total - Cable,409530.78,795,515.133056603774,515.133056603774
Cable System,,,0,0
Cable System,,,0,0
0068.001.0001,86470.5,50,1729.41,1729.41
0068.001.0002,337234.1,260,1297.05423076923,1297.05423076923
Total - Cable System,423704.6,310,1366.78903225806,1366.78903225806
Circuit Bkr,,,0,0
Circuit Bkr,,,0,0
MCB,,,0,0
MCB,,,0,0
2004.001.0001,0,0,0,0
2004.001.0002,,,0,0
2004.001.0003,0,0,0,0
2004.001.0004,0,0,0,0
2004.001.0006,,,0,0
2004.001.0007,,,0,0
2004.001.0008,,,0,0
2004.001.0009,,,0,0
2004.001.0010,7844.2,12,653.683333333333,653.683333333333
2004.001.0011,12218.75,12,1018.22916666667,1018.22916666667
2004.001.0012,21033.05,20,1051.6525,1051.6525
2004.001.0013,20800,26,800,800
2004.001.0014,1300,1,1300,1300
Total - MCB,63196,71,890.084507042254,890.084507042254
MPCB,,,0,0
MPCB,,,0,0
2004.002.0003,,,0,0
2004.002.0004,,,0,0
Total - MPCB,0,0,0,0
SF6,,,0,0
SF6,,,0,0
0030.001.0001,181721.5,30.6,5938.61111111111,5938.61111111111
0030.001.0002,5620,1,5620,5620
0030.001.0003,4890,1,4890,4890
0030.001.0004,325,1,325,325
0030.001.0005,122622.7,5,24524.54,24524.54
0030.001.0006,194798.04,12,16233.17,16233.17
0030.001.0007,378,1,378,378
0030.001.0008,64231.95,1,64231.95,64231.95
0030.001.0009,1066263.8,1,1066263.8,1066263.8
0030.001.0010,17714,2,8857,8857
0030.001.0011,82944,16,5184,5184
0030.001.0012,15552,3,5184,5184
0030.001.0013,5184,1,5184,5184
0030.001.0014,10368,2,5184,5184
0030.001.0015,5184,1,5184,5184
0030.001.0016,5184,1,5184,5184
0030.001.0017,5184,1,5184,5184
0030.001.0018,0,0,0,0
Total - SF6,1788164.99,80.6,22185.6698511166,22185.6698511166
Total - Circuit Bkr,1851360.99,151.6,12212.1437335092,12212.1437335092
Cleaning,,,0,0
Cleaning,,,0,0
Agent,,,0,0
Agent,,,0,0
1012.001.0005,5731.72,13,440.901538461539,440.901538461539
Total - Agent,5731.72,13,440.901538461539,440.901538461539
Equip,,,0,0
Total - Cleaning,5731.72,13,440.901538461539,440.901538461539
Compressed Air,,,0,0
Compressed Air,,,0,0
0094.001.0001,6088.66,1,6088.66,6088.66
0094.001.0002,5361.8,3,1787.26666666667,1787.26666666667
0094.001.0003,6326.55,2,3163.275,3163.275
0094.001.0004,5859.05,4,1464.7625,1464.7625
0094.001.0005,2930.8,1,2930.8,2930.8
0094.001.0006,16746.6,1,16746.6,16746.6
0094.001.0007,14653.15,1,14653.15,14653.15
0094.001.0008,37290,2,18645,18645
0094.001.0009,3328.98,1,3328.98,3328.98
0094.001.0010,363.8,2,181.9,181.9
0094.001.0011,732.7,1,732.7,732.7
0094.001.0012,0,0,0,0
0094.001.0013,3640.55,1,3640.55,3640.55
0094.001.0014,0,0,0,0
0094.001.0015,,,0,0
0094.001.0016,25815.35,2,12907.675,12907.675
0094.001.0017,27138.8,2,13569.4,13569.4
0094.001.0018,1985.6,1,1985.6,1985.6
0094.001.0019,1985.6,2,992.8,992.8
0094.001.0020,2118.2,4,529.55,529.55
0094.001.0021,25295.15,1,25295.15,25295.15
0094.001.0022,4143.75,2,2071.875,2071.875
0094.001.0023,,,0,0
0094.001.0024,,,0,0
0094.001.0025,0,0,0,0
0094.001.0026,0,0,0,0
0094.001.0027,14034.6,2,7017.3,7017.3
0094.001.0028,,,0,0
0094.001.0029,,,0,0
0094.001.0030,,,0,0
Total - Compressed Air,205839.69,36,5717.76916666667,5717.76916666667
Computer,,,0,0
Computer,,,0,0
0057.001.0001,155777.3,1,155777.3,155777.3
0057.001.0002,2075835.48,3,691945.16,691945.16
0057.001.0003,581815.54,3,193938.513333333,193938.513333333
0057.001.0004,8000,1,8000,8000
0057.001.0005,48985.5,3,16328.5,16328.5
0057.001.0006,9000,1,9000,9000
0057.001.0007,1732910,3,577636.666666667,577636.666666667
0057.001.0008,9000,1,9000,9000
0057.001.0009,601804.6,3,200601.533333333,200601.533333333
0057.001.0010,1039986.5,3,346662.166666667,346662.166666667
0057.001.0011,885,1,885,885
0057.001.0012,1305,1,1305,1305
0057.001.0013,1507,1,1507,1507
0057.001.0014,3900,4,975,975
0057.001.0015,,,0,0
0057.001.0016,,,0,0
0057.001.0017,,,0,0
0057.001.0018,149688.82,3,49896.2733333333,49896.2733333333
0057.001.0019,150,1,150,150
0057.001.0020,14880,4,3720,3720
0057.001.0021,237831.7,5,47566.34,47566.34
0057.001.0022,336458.9,20,16822.945,16822.945
0057.001.0023,19857.7,5,3971.54,3971.54
0057.001.0024,0,0,0,0
0057.001.0025,21837.35,1,21837.35,21837.35
0057.001.0026,4633.35,10,463.335,463.335
0057.001.0027,847.45,4,211.8625,211.8625
0057.001.0028,1020770.7,16,63798.16875,63798.16875
0057.001.0029,401603.55,4,100400.8875,100400.8875
0057.001.0030,,,0,0
0057.001.0031,1102960,2,551480,551480
0057.001.0032,75409.45,5,15081.89,15081.89
0057.001.0033,354020.75,3,118006.916666667,118006.916666667
0057.001.0034,1156711.47,1,1156711.47,1156711.47
0057.001.0035,0.85,1,0.85,0.85
0057.001.0036,3411615.94,3,1137205.31333333,1137205.31333333
0057.001.0037,0.85,1,0.85,0.85
0057.001.0038,55897.7,1,55897.7,55897.7
0057.001.0039,,,0,0
0057.001.0040,309112.7,1,309112.7,309112.7
0057.001.0042,174409.19,1,174409.19,174409.19
0057.001.0043,1890073.7,2,945036.85,945036.85
0057.001.0044,0,0,0,0
0057.001.0045,0,0,0,0
0057.001.0046,57600,2,28800,28800
0057.001.0047,629996.4,6,104999.4,104999.4
0057.001.0048,653846.4,6,108974.4,108974.4
0057.001.0049,0,0,0,0
0057.001.0050,34279.98,4,8569.995,8569.995
0057.001.0051,85699.95,10,8569.995,8569.995
0057.001.0052,17882.36,2,8941.18,8941.18
0057.001.0053,8941.18,1,8941.18,8941.18
0057.001.0054,61103.52,7,8729.07428571429,8729.07428571429
0057.001.0055,44705.9,5,8941.18,8941.18
0057.001.0056,84177.72,11,7652.52,7652.52
0057.001.0057,136652.16,4,34163.04,34163.04
0057.001.0058,134629.02,3,44876.34,44876.34
0057.001.0059,81988.1,10,8198.81,8198.81
Total - Computer,19040986.73,194,98149.4161340206,98149.4161340206
Control Panel,,,0,0
Control Panel,,,0,0
0048.001.0001,6440,7,920,920
0048.001.0002,14720,16,920,920
0048.001.0003,6440,7,920,920
0048.001.0004,1840,2,920,920
0048.001.0005,0,0,0,0
0048.001.0006,3825,1,3825,3825
0048.001.0007,12695.6,2,6347.8,6347.8
0048.001.0008,0,0,0,0
0048.001.0009,192224.1,12,16018.675,16018.675
0048.001.0010,25815.35,3,8605.11666666667,8605.11666666667
0048.001.0011,7757.95,2,3878.975,3878.975
0048.001.0012,12377.7,1,12377.7,12377.7
0048.001.0013,0,0,0,0
0048.001.0014,37935.5,1,37935.5,37935.5
0048.001.0015,24219.9,1,24219.9,24219.9
0048.001.0016,7500,2,3750,3750
0048.001.0017,,,0,0
0048.001.0018,0,0,0,0
0048.001.0019,3750,1,3750,3750
0048.001.0020,4095.3,1,4095.3,4095.3
0048.001.0021,3750,1,3750,3750
0048.001.0022,1350,1,1350,1350
0048.001.0023,19125,5,3825,3825
0048.001.0024,3750,5,750,750
0048.001.0025,1570,2,785,785
0048.001.0026,825,1,825,825
0048.001.0027,66770,307,217.491856677524,217.491856677524
0048.001.0028,4375,7,625,625
0048.001.0029,14416.85,3,4805.61666666667,4805.61666666667
0048.001.0030,2170.9,2,1085.45,1085.45
0048.001.0031,4673.3,1,4673.3,4673.3
0048.001.0032,2672.4,1,2672.4,2672.4
0048.001.0033,0,0,0,0
0048.001.0034,4247.45,1,4247.45,4247.45
0048.001.0035,85,1,85,85
0048.001.0036,44359.19,7,6337.02714285714,6337.02714285714
0048.001.0037,50664.66,8,6333.0825,6333.0825
0048.001.0038,50664.66,8,6333.0825,6333.0825
0048.001.0039,31748.25,5,6349.65,6349.65
0048.001.0040,44359.19,7,6337.02714285714,6337.02714285714
0048.001.0041,50664.66,8,6333.0825,6333.0825
0048.001.0042,30654.81,7,4379.25857142857,4379.25857142857
0048.001.0043,25059.78,6,4176.63,4176.63
0048.001.0044,20907.4,5,4181.48,4181.48
0048.001.0045,30654.73,7,4379.24714285714,4379.24714285714
0048.001.0046,25088.88,6,4181.48,4181.48
0048.001.0047,136155.6,12,11346.3,11346.3
0048.001.0048,45385.2,4,11346.3,11346.3
0048.001.0049,66186.75,5,13237.35,13237.35
0048.001.0050,132373.5,10,13237.35,13237.35
0048.001.0051,214319,10,21431.9,21431.9
0048.001.0052,214319,10,21431.9,21431.9
0048.001.0053,110941.6,4,27735.4,27735.4
0048.001.0054,157587.5,5,31517.5,31517.5
0048.001.0055,232375,4,58093.75,58093.75
Total - Control Panel,2205886.66,535,4123.15263551402,4123.15263551402
Cooling Water,,,0,0
Cooling Water,,,0,0
0093.001.0001,138187.53,3,46062.51,46062.51
0093.001.0002,3742.27,2,1871.135,1871.135
0093.001.0003,2601,4,650.25,650.25
0093.001.0004,5122.1,5,1024.42,1024.42
0093.001.0005,7879.5,6,1313.25,1313.25
0093.001.0006,24708,3,8236,8236
0093.001.0007,25674.66,3,8558.22,8558.22
0093.001.0008,67648.08,11,6149.82545454545,6149.82545454545
0093.001.0009,36479.75,8,4559.96875,4559.96875
0093.001.0010,793.05,1,793.05,793.05
0093.001.0011,0,0,0,0
0093.001.0012,33095.36,2,16547.68,16547.68
0093.001.0013,1455.2,1,1455.2,1455.2
0093.001.0014,54043.85,1,54043.85,54043.85
0093.001.0015,3520,4,880,880
0093.001.0016,2454.37,4,613.5925,613.5925
0093.001.0017,,,0,0
0093.001.0018,24400,21,1161.90476190476,1161.90476190476
0093.001.0019,0,0,0,0
0093.001.0020,,,0,0
0093.001.0021,768.4,1,768.4,768.4
0093.001.0022,0,0,0,0
0093.001.0023,,,0,0
0093.001.0024,745.87,1,745.87,745.87
0093.001.0025,5264.05,1,5264.05,5264.05
0093.001.0026,3458.65,2,1729.325,1729.325
0093.001.0027,3820,1,3820,3820
0093.001.0028,117624.7,1,117624.7,117624.7
0093.001.0029,19205.75,1,19205.75,19205.75
0093.001.0030,5200,4,1300,1300
0093.001.0031,8785,1,8785,8785
0093.001.0032,32205,1,32205,32205
0093.001.0033,0,0,0,0
0093.001.0034,0,0,0,0
0093.001.0035,52884,6,8814,8814
0093.001.0036,0,0,0,0
0093.001.0037,0,0,0,0
0093.001.0038,18402.62,1,18402.62,18402.62
0093.001.0039,27685,1,27685,27685
0093.001.0040,11526,1,11526,11526
0093.001.0041,1302288,1,1302288,1302288
0093.001.0042,22793.01,3,7597.67,7597.67
0093.001.0043,34031.96,4,8507.99,8507.99
0093.001.0044,24504.34,2,12252.17,12252.17
0093.001.0045,141544.26,2,70772.13,70772.13
0093.001.0046,23880.99,3,7960.33,7960.33
0093.001.0047,22050.54,3,7350.18,7350.18
0093.001.0048,46648.42,2,23324.21,23324.21
0093.001.0049,25454.13,3,8484.71,8484.71
0093.001.0050,71190,3,23730,23730
0093.001.0051,38420,1,38420,38420
0093.001.0052,67419.08,2,33709.54,33709.54
0093.001.0053,,,0,0
Total - Cooling Water,2559604.49,131,19538.9655725191,19538.9655725191
Crane,,,0,0
Crane,,,0,0
0127.001.0001,6104.7,6,1017.45,1017.45
0127.001.0002,2034.9,2,1017.45,1017.45
0127.001.0003,4182.85,2,2091.425,2091.425
0127.001.0004,2867.9,4,716.975,716.975
0127.001.0005,5300,1,5300,5300
0127.001.0006,30237.05,2,15118.525,15118.525
Total - Crane,50727.4,17,2983.96470588235,2983.96470588235
DC Supply,,,0,0
DC Supply,,,0,0
0097.001.0001,1248202.6,2,624101.3,624101.3
0097.001.0002,7800,8,975,975
0097.001.0003,419.05,1,419.05,419.05
0097.001.0004,103143.04,4,25785.76,25785.76
0097.001.0005,17000,10,1700,1700
0097.001.0006,13600,8,1700,1700
0097.002.0001,6200,1,6200,6200
0097.002.0002,,,0,0
0097.003.0001,,,0,0
0097.003.0002,0,0,0,0
0097.003.0011,22527.04,2,11263.52,11263.52
0097.003.0012,24830.94,2,12415.47,12415.47
0097.003.0013,476651.62,2,238325.81,238325.81
0097.003.0014,481771.4,2,240885.7,240885.7
Total - DC Supply,2402145.69,42,57193.945,57193.945
Disconnectors,,,0,0
Disconnectors,,,0,0
0040.001.0001,7200,1,7200,7200
0040.001.0002,6721.8,1,6721.8,6721.8
0040.001.0003,892,1,892,892
0040.001.0004,0,0,0,0
0040.001.0005,1570,2,785,785
0040.001.0006,3140,4,785,785
0040.001.0007,700,2,350,350
0040.001.0008,375,1,375,375
0040.001.0009,375,1,375,375
0040.001.0010,340,1,340,340
0040.001.0011,245,1,245,245
0040.001.0012,350,1,350,350
Total - Disconnectors,21908.8,16,1369.3,1369.3
Drainage,,,0,0
Drainage,,,0,0
0092.001.0001,16635,3,5545,5545
0092.001.0002,10170,4,2542.5,2542.5
Total - Drainage,26805,7,3829.28571428571,3829.28571428571
Earth-Connector,,,0,0
Earth-Connector,,,0,0
0041.001.0001,225,1,225,225
0041.001.0002,235,1,235,235
0041.001.0003,1590,6,265,265
Total - Earth-Connector,2050,8,256.25,256.25
Earthing,,,0,0
Earthing,,,0,0
0042.001.0001,8250,50,165,165
0042.001.0002,8085,49,165,165
0042.001.0003,3052.5,18.5,165,165
0042.001.0004,1567.5,9.5,165,165
0042.001.0005,,,0,0
Total - Earthing,20955,127,165,165
Enclosure,,,0,0
Enclosure,,,0,0
Box,,,0,0
Box,,,0,0
2007.001.0001,,,0,0
Total - Box,0,0,0,0
Panel Board,,,0,0
Panel Board,,,0,0
2007.002.0001,0,0,0,0
2007.002.0002,5862.22,15,390.814666666667,390.814666666667
Total - Panel Board,5862.22,15,390.814666666667,390.814666666667
Total - Enclosure,5862.22,15,390.814666666667,390.814666666667
Fire Prevention,,,0,0
Fire Prevention,,,0,0
0099.001.0001,22150,10,2215,2215
0099.001.0002,12525,15,835,835
0099.001.0003,58760,8,7345,7345
0099.001.0004,5920,16,370,370
0099.001.0005,7030,19,370,370
0099.001.0006,1110,3,370,370
Total - Fire Prevention,107495,71,1514.01408450704,1514.01408450704
Fuel,,,0,0
Fuel,,,0,0
1014.001.0001,0,0,0,0
1014.001.0002,1183218.56,7641.9,154.833033669637,154.833033669637
1014.001.0003,0,0,0,0
Total - Fuel,1183218.56,7641.9,154.833033669637,154.833033669637
Fuse,,,0,0
Fuse,,,0,0
2008.007.0001,11326.25,30,377.541666666667,377.541666666667
DO,,,0,0
DO,,,0,0
2008.001.0001,17710.6,1,17710.6,17710.6
2008.001.0002,3480.75,19,183.197368421053,183.197368421053
2008.001.0003,0,0,0,0
2008.001.0004,366.35,15,24.4233333333333,24.4233333333333
2008.001.0013,4885.8,8,610.725,610.725
2008.001.0014,,,0,0
Total - DO,26443.5,43,614.96511627907,614.96511627907
Glass,,,0,0
Glass,,,0,0
2008.002.0001,220.15,18,12.2305555555556,12.2305555555556
2008.002.0002,271.15,74,3.66418918918919,3.66418918918919
2008.002.0003,333.2,91,3.66153846153846,3.66153846153846
2008.002.0004,334.05,91,3.67087912087912,3.67087912087912
2008.002.0005,366.35,100,3.6635,3.6635
2008.002.0006,1088.94,218,4.9951376146789,4.9951376146789
2008.002.0007,,,0,0
2008.002.0008,336.82,69,4.88144927536232,4.88144927536232
2008.002.0009,,,0,0
Total - Glass,2950.66,661,4.46393343419062,4.46393343419062
HRC,,,0,0
HRC,,,0,0
2008.003.0001,0,0,0,0
2008.003.0002,,,0,0
2008.003.0003,,,0,0
2008.003.0004,11628,17,684,684
2008.003.0005,24734.15,27,916.07962962963,916.07962962963
2008.003.0006,4803.35,3,1601.11666666667,1601.11666666667
2008.003.0007,8794.1,3,2931.36666666667,2931.36666666667
2008.003.0008,,,0,0
2008.003.0009,6420.9,7,917.271428571429,917.271428571429
2008.003.0012,396.95,1,396.95,396.95
2008.003.0013,5815.14,12,484.595,484.595
2008.003.0014,11637.35,24,484.889583333333,484.889583333333
2008.003.0015,3206.51,7,458.072857142857,458.072857142857
2008.003.0016,4617.2,7,659.6,659.6
2008.003.0017,15047.55,22,683.979545454546,683.979545454546
Total - HRC,97101.2,130,746.932307692308,746.932307692308
Total - Fuse,137821.61,864,159.515752314815,159.515752314815
Gases,,,0,0
Gases,,,0,0
1014.002.0001,2260,2,1130,1130
1014.002.0002,5500,1,5500,5500
1014.002.0005,6500,1,6500,6500
Total - Gases,14260,4,3565,3565
Generator,,,0,0
Generator,,,0,0
0022.001.0001,39091.5,90,434.35,434.35
0022.001.0002,3240,2,1620,1620
0022.001.0003,567905.39,17,33406.1994117647,33406.1994117647
0022.001.0004,147203.02,10,14720.302,14720.302
0022.001.0005,4917.25,5,983.45,983.45
0022.001.0006,625,1,625,625
0022.001.0007,635,1,635,635
0022.001.0008,720,1,720,720
0022.001.0009,450,1,450,450
0022.001.0010,450,1,450,450
0022.001.0011,570,1,570,570
0022.001.0012,575,1,575,575
0022.001.0013,450,1,450,450
0022.001.0014,,,0,0
0022.001.0015,0,0,0,0
0022.001.0016,0,0,0,0
0022.001.0017,147564.25,1,147564.25,147564.25
0022.001.0018,6300,1,6300,6300
0022.001.0019,237000,4,59250,59250
0022.001.0020,1277.55,1,1277.55,1277.55
0022.001.0021,1787.55,1,1787.55,1787.55
0022.001.0022,69025.1,7,9860.72857142857,9860.72857142857
0022.001.0023,72680.1,1,72680.1,72680.1
0022.001.0024,0,0,0,0
0022.001.0025,2814097.26,3,938032.42,938032.42
0022.001.0026,17600,11,1600,1600
0022.001.0027,1531843.87,1,1531843.87,1531843.87
0022.001.0028,,,0,0
0022.001.0029,172855.15,1,172855.15,172855.15
0022.001.0030,58991.27,2,29495.635,29495.635
0022.001.0031,3780,3,1260,1260
0022.001.0032,3250,5,650,650
0022.001.0033,1734,2,867,867
0022.001.0034,2224.45,2,1112.225,1112.225
0022.001.0035,0,0,0,0
0022.001.0036,,,0,0
0022.001.0037,320034.83,2,160017.415,160017.415
0022.001.0038,6317.86,24,263.244166666667,263.244166666667
0022.001.0039,250,1,250,250
0022.001.0040,2500,10,250,250
0022.001.0041,0,0,0,0
0022.001.0042,208550,5.73,36396.1605584642,36396.1605584642
0022.001.0043,4720,1,4720,4720
0022.001.0044,76824.7,4,19206.175,19206.175
0022.001.0045,11375,5,2275,2275
0022.001.0046,0,0,0,0
0022.001.0047,725,1,725,725
0022.001.0048,2175,3,725,725
0022.001.0049,,,0,0
0022.001.0050,1240,2,620,620
0022.001.0051,35581,3,11860.3333333333,11860.3333333333
0022.001.0057,0,0,0,0
0022.001.0058,1952.45,1,1952.45,1952.45
0022.001.0059,0,0,0,0
0022.001.0060,0,0,0,0
0022.001.0061,1774.8,2,887.4,887.4
0022.001.0062,44489.55,7,6355.65,6355.65
0022.001.0063,28883.8,5,5776.76,5776.76
0022.001.0064,1558.05,1,1558.05,1558.05
0022.001.0065,137734,4,34433.5,34433.5
0022.001.0066,5898.88,4,1474.72,1474.72
0022.001.0067,27081.8,20,1354.09,1354.09
0022.001.0068,2943783.46,4,735945.865,735945.865
0022.001.0071,111708.12,4,27927.03,27927.03
0022.001.0072,745567.08,6,124261.18,124261.18
0022.001.0073,148650,3,49550,49550
0022.001.0074,6171.52,1,6171.52,6171.52
0022.001.0075,6248.4,3,2082.8,2082.8
0022.001.0076,27439.25,5,5487.85,5487.85
0022.001.0077,252411.62,1,252411.62,252411.62
0022.001.0078,0,0,0,0
0022.001.0079,87435.9,10,8743.59,8743.59
0022.001.0080,320992.8,12,26749.4,26749.4
0022.001.0081,227039.68,2,113519.84,113519.84
0022.001.0082,2157.7,5,431.54,431.54
Diesel,,,0,0
Diesel,,,0,0
0100.001.0001,740,2,370,370
0100.001.0002,370,1,370,370
0100.001.0003,370,1,370,370
0100.001.0004,99042.24,88,1125.48,1125.48
0100.001.0005,1096.3,2,548.15,548.15
0100.001.0006,882.95,2,441.475,441.475
0100.001.0007,69.7,5,13.94,13.94
0100.001.0008,367.2,5,73.44,73.44
0100.001.0009,3069.46,2,1534.73,1534.73
0100.001.0010,4738.67,5,947.734,947.734
0100.001.0011,96.05,5,19.21,19.21
0100.001.0012,25956.45,3,8652.15,8652.15
0100.001.0015,10256,16,641,641
0100.001.0016,0,0,0,0
0100.001.0017,7506.62,2,3753.31,3753.31
0100.001.0018,5151.91,3,1717.30333333333,1717.30333333333
0100.001.0019,0,0,0,0
0100.001.0020,0,0,0,0
0100.001.0021,469.35,1,469.35,469.35
0100.001.0022,171.7,1,171.7,171.7
0100.001.0023,1245.8,2,622.9,622.9
0100.001.0024,1071.73,2,535.865,535.865
0100.001.0025,152.04,2,76.02,76.02
0100.001.0026,164.32,1,164.32,164.32
0100.001.0027,1343.72,2,671.86,671.86
0100.001.0028,3992.74,1,3992.74,3992.74
0100.001.0029,0,0,0,0
0100.001.0030,0,0,0,0
0100.001.0031,39011.83,2,19505.915,19505.915
0100.001.0032,3531.94,1,3531.94,3531.94
0100.001.0033,67353.42,1,67353.42,67353.42
0100.001.0034,7463.5,1,7463.5,7463.5
0100.001.0035,23853.18,1,23853.18,23853.18
0100.001.0036,5424.15,1,5424.15,5424.15
0100.001.0037,7827.48,1,7827.48,7827.48
0100.001.0038,66208.25,1,66208.25,66208.25
0100.001.0039,0,0,0,0
0100.001.0040,50362.6,1,50362.6,50362.6
0100.001.0041,204701.76,1,204701.76,204701.76
0100.001.0042,60272.21,1,60272.21,60272.21
0100.001.0043,26363.1,1,26363.1,26363.1
0100.001.0044,1531.44,1,1531.44,1531.44
0100.001.0045,11356.5,3,3785.5,3785.5
0100.001.0046,0,0,0,0
0100.002.0001,,,0,0
Total - Diesel,743586.31,171,4348.45795321637,4348.45795321637
Total - Generator,12451701.27,510.73,24380.2033755605,24380.2033755605
Headworks Gate,,,0,0
Headworks Gate,,,0,0
0012.001.0001,,,0,0
0012.001.0002,,,0,0
0012.001.0003,,,0,0
0012.001.0004,,,0,0
0012.001.0005,,,0,0
0012.001.0006,,,0,0
Total - Headworks Gate,0,0,0,0
Heating,,,0,0
HF Trap,,,0,0
HF Trap,,,0,0
0046.001.0001,,,0,0
Total - HF Trap,0,0,0,0
HVAC,,,0,0
HVAC,,,0,0
0095.001.0001,2660,7,380,380
0095.001.0002,760,2,380,380
0095.001.0003,760,2,380,380
0095.001.0004,1140,3,380,380
0095.001.0005,770,2,385,385
0095.001.0006,0,0,0,0
0095.001.0007,,,0,0
0095.001.0008,6195,59,105,105
0095.001.0009,380,4,95,95
0095.001.0010,5200,1,5200,5200
0095.001.0011,5200,1,5200,5200
0095.001.0012,350,1,350,350
0095.001.0013,1750,5,350,350
0095.001.0014,8551.85,2,4275.925,4275.925
0095.001.0015,1333.48,3,444.493333333333,444.493333333333
0095.001.0016,0,0,0,0
0095.001.0017,0,0,0,0
0095.001.0018,3791.85,8,473.98125,473.98125
0095.001.0019,3973.75,5,794.75,794.75
0095.001.0020,4171.61,1.8,2317.56111111111,2317.56111111111
0095.001.0021,452,5,90.4,90.4
0095.001.0022,,,0,0
0095.001.0023,10848,16,678,678
0095.001.0024,1695,3,565,565
0095.001.0025,9520.85,2,4760.425,4760.425
0095.001.0026,19205.75,1,19205.75,19205.75
0095.001.0027,550,2,275,275
0095.001.0028,280,1,280,280
0095.001.0029,275,1,275,275
0095.001.0030,0,0,0,0
0095.001.0031,11550,11,1050,1050
0095.001.0032,246306.38,3,82102.1266666667,82102.1266666667
0095.001.0033,29751.02,4,7437.755,7437.755
0095.001.0034,486.2,2,243.1,243.1
0095.001.0035,,,0,0
0095.001.0036,,,0,0
0095.001.0037,,,0,0
0095.001.0038,8803.45,1,8803.45,8803.45
0095.001.0039,0,0,0,0
0095.001.0040,,,0,0
0095.001.0041,,,0,0
0095.001.0042,8681.05,1,8681.05,8681.05
0095.001.0043,499.8,1,499.8,499.8
0095.001.0044,2505.8,2,1252.9,1252.9
0095.001.0045,42901.2,2,21450.6,21450.6
0095.001.0046,58468.1,1,58468.1,58468.1
0095.001.0047,5559.85,1,5559.85,5559.85
0095.001.0048,,,0,0
0095.001.0049,7163.8,1,7163.8,7163.8
0095.002.0001,1130,2,565,565
0095.002.0002,,,0,0
0095.002.0003,4732.8,1,4732.8,4732.8
0095.002.0004,7841.25,1,7841.25,7841.25
0095.002.0005,0,0,0,0
0095.003.0001,8142.15,1,8142.15,8142.15
0095.003.0002,,,0,0
0095.003.0003,4318,1,4318,4318
0095.003.0004,0,0,0,0
0095.003.0005,7609.2,2,3804.6,3804.6
0095.003.0006,,,0,0
0095.003.0007,11252.3,2,5626.15,5626.15
0095.003.0008,6553.5,1,6553.5,6553.5
0095.003.0009,5626.15,1,5626.15,5626.15
0095.003.0010,3883.65,1,3883.65,3883.65
0095.003.0011,,,0,0
0095.003.0012,,,0,0
0095.003.0013,,,0,0
0095.003.0014,,,0,0
0095.003.0015,0,0,0,0
0095.003.0016,,,0,0
0095.003.0017,18465.04,14.39,1283.18554551772,1283.18554551772
0095.003.0019,7383.18,6.18,1194.68932038835,1194.68932038835
0095.003.0025,10589.3,1,10589.3,10589.3
0095.003.0026,47327.67,1,47327.67,47327.67
0095.003.0027,166110,7,23730,23730
0095.003.0028,16950,1,16950,16950
Refrigerant,,,0,0
Refrigerant,,,0,0
1011.003.0004,17413.62,24.34,715.432210353328,715.432210353328
Total - Refrigerant,17413.62,24.34,715.432210353328,715.432210353328
Total - HVAC,857818.6,235.71,3639.29659327139,3639.29659327139
Kitchen,,,0,0
Lighting,,,0,0
Lighting,,,0,0
2003.001.0005,0,0,0,0
2003.001.0006,0,0,0,0
2003.001.0007,,,0,0
2003.001.0008,,,0,0
Total - Lighting,0,0,0,0
Lubricant,,,0,0
Lubricant,,,0,0
Brake,,,0,0
Brake,,,0,0
1013.005.0001,0,0,0,0
Total - Brake,0,0,0,0
Compressor,,,0,0
Compressor,,,0,0
1013.007.0001,28101.52,20,1405.076,1405.076
1013.007.0002,,,0,0
1013.007.0003,,,0,0
Total - Compressor,28101.52,20,1405.076,1405.076
Engine,,,0,0
Engine,,,0,0
1013.001.0001,,,0,0
1013.001.0002,,,0,0
1013.001.0004,0,0,0,0
Total - Engine,0,0,0,0
Hydraulic,,,0,0
Hydraulic,,,0,0
1013.002.0001,0,0,0,0
1013.002.0002,,,0,0
Total - Hydraulic,0,0,0,0
Transformer,,,0,0
Transformer,,,0,0
1013.004.0003,,,0,0
Total - Transformer,0,0,0,0
Total - Lubricant,28101.52,20,1405.076,1405.076
Measurement,,,0,0
Measurement,,,0,0
3006.006.0001,,,0,0
3006.006.0002,5421.98,12,451.831666666667,451.831666666667
3006.006.0003,,,0,0
3006.006.0004,7280.42,18,404.467777777778,404.467777777778
Total - Measurement,12702.4,30,423.413333333333,423.413333333333
Miscellaneous,,,0,0
Miscellaneous,,,0,0
0134.001.0001,6100,20,305,305
0134.001.0002,945,3,315,315
0134.001.0003,320,1,320,320
0134.001.0004,670,2,335,335
0134.001.0005,345,1,345,345
0134.001.0006,24807.69,9,2756.41,2756.41
0134.001.0007,0,0,0,0
0134.001.0008,4726.39,34,139.011470588235,139.011470588235
0134.001.0009,1272,4,318,318
0134.001.0010,316,1,316,316
0134.001.0011,1837.5,24.5,75,75
0134.001.0012,,,0,0
0134.001.0013,,,0,0
0134.001.0014,229799,129.5,1774.50965250965,1774.50965250965
0134.001.0015,43.35,1,43.35,43.35
0134.001.0016,,,0,0
0134.001.0017,1481.55,28,52.9125,52.9125
0134.001.0018,52.7,1,52.7,52.7
0134.001.0019,52.7,1,52.7,52.7
0134.001.0020,52.7,1,52.7,52.7
0134.001.0021,,,0,0
0134.001.0022,9696,161.6,60,60
0134.001.0023,450.5,2,225.25,225.25
0134.001.0024,225.25,1,225.25,225.25
0134.001.0025,2978.4,18,165.466666666667,165.466666666667
0134.001.0026,827.05,5,165.41,165.41
0134.001.0027,893.52,4.5,198.56,198.56
0134.001.0028,4181.87,39,107.227435897436,107.227435897436
0134.001.0029,,,0,0
0134.002.0001,3850,1,3850,3850
0134.002.0002,19250,5,3850,3850
0134.002.0003,11550,3,3850,3850
0134.003.0001,,,0,0
0134.003.0002,99819.36,10,9981.936,9981.936
0134.003.0003,1100,1,1100,1100
0134.003.0004,4845.34,2,2422.67,2422.67
0134.003.0005,9962,7,1423.14285714286,1423.14285714286
0134.003.0006,925,1,925,925
0134.003.0007,2200,2,1100,1100
0134.003.0008,8553.55,4,2138.3875,2138.3875
0134.003.0009,4400,4,1100,1100
0134.003.0010,78419.23,11,7129.02090909091,7129.02090909091
0134.003.0011,4125,5,825,825
0134.003.0012,2846.65,2,1423.325,1423.325
0134.003.0013,4500,3,1500,1500
0134.003.0014,2200,2,1100,1100
0134.003.0015,1187,1,1187,1187
0134.003.0016,,,0,0
0134.003.0017,14257.9,2,7128.95,7128.95
0134.003.0018,22301.73,2,11150.865,11150.865
0134.003.0019,13085.4,3,4361.8,4361.8
0134.003.0020,9661.5,3,3220.5,3220.5
0134.004.0001,0,0,0,0
0134.004.0002,720,1,720,720
0134.004.0003,2700,1,2700,2700
0134.004.0004,4500,2,2250,2250
0134.004.0005,614,2,307,307
0134.005.0001,,,0,0
0134.005.0002,205,1,205,205
0134.005.0003,820,4,205,205
0134.005.0004,,,0,0
0134.005.0005,,,0,0
0134.005.0006,,,0,0
0134.005.0007,,,0,0
0134.005.0008,31313,181,173,173
0134.005.0009,,,0,0
0134.005.0010,,,0,0
0134.005.0011,2220,12,185,185
0134.005.0012,2220,12,185,185
0134.005.0013,8510,46,185,185
0134.005.0014,2960,16,185,185
0134.005.0015,15910,86,185,185
0134.005.0016,2460,12,205,205
0134.005.0017,,,0,0
0134.005.0018,330,6,55,55
0134.005.0019,10865,41,265,265
0134.005.0020,6095,23,265,265
0134.005.0021,,,0,0
0134.005.0022,,,0,0
0134.005.0023,2120,8,265,265
0134.005.0024,1060,4,265,265
0134.005.0025,2450,7,350,350
0134.005.0026,2500,10,250,250
0134.005.0027,5000,20,250,250
0134.005.0028,1250,5,250,250
0134.005.0029,3250,13,250,250
0134.005.0030,7500,20,375,375
0134.005.0031,3750,10,375,375
0134.005.0032,18750,50,375,375
0134.005.0033,3750,10,375,375
0134.005.0034,8250,22,375,375
0134.005.0035,1125,3,375,375
0134.005.0036,,,0,0
0134.005.0037,7500,20,375,375
0134.005.0038,8250,22,375,375
0134.005.0039,1960,7,280,280
0134.005.0040,280,1,280,280
0134.005.0041,375,1,375,375
0134.005.0042,1875,5,375,375
0134.005.0043,750,2,375,375
0134.005.0044,18750,50,375,375
0134.005.0045,27000,72,375,375
0134.005.0046,0,0,0,0
0134.005.0047,453,1,453,453
0134.005.0048,375,1,375,375
0134.005.0049,,,0,0
0134.005.0050,,,0,0
0134.006.0001,1275,15,85,85
0134.006.0002,850,10,85,85
0134.006.0003,1440,20,72,72
0134.006.0004,720,10,72,72
0134.006.0005,,,0,0
0134.006.0006,2490,30,83,83
0134.006.0007,1428,17,84,84
0134.006.0008,6003,29,207,207
0134.006.0009,3440,16,215,215
0134.006.0010,17100,76,225,225
0134.006.0011,10810,46,235,235
0134.006.0012,7502,31,242,242
0134.006.0013,14280,56,255,255
0134.006.0014,6360,24,265,265
0134.006.0015,10537,41,257,257
0134.006.0016,5760,18,320,320
0134.006.0017,960,3,320,320
0134.006.0018,2010,6,335,335
0134.006.0019,1020,3,340,340
0134.006.0020,684,2,342,342
0134.006.0021,,,0,0
0134.006.0022,3430,10,343,343
0134.006.0023,443,1,443,443
0134.006.0024,1730,5,346,346
0134.006.0025,1036.5,3,345.5,345.5
0134.006.0026,682,2,341,341
0134.006.0027,1380,4,345,345
0134.006.0028,3123,9,347,347
0134.006.0029,343.5,1,343.5,343.5
0134.006.0030,,,0,0
0134.006.0031,7980,12,665,665
0134.006.0032,2700,6,450,450
0134.006.0033,1032,4,258,258
0134.006.0034,4500,1,4500,4500
0134.006.0035,2750,11,250,250
0134.006.0036,6325,23,275,275
0134.006.0037,1100,4,275,275
0134.006.0038,307,1,307,307
0134.006.0039,1005,3,335,335
0134.006.0040,12480,78,160,160
0134.006.0041,3711,34,109.147058823529,109.147058823529
0134.006.0042,6970,41,170,170
0134.006.0043,17500,100,175,175
0134.006.0044,3240,18,180,180
0134.006.0045,18900,105,180,180
0134.006.0046,16016,88,182,182
0134.006.0047,8250,50,165,165
0134.006.0048,17616,96,183.5,183.5
0134.006.0049,20400,3,6800,6800
0134.006.0050,2200,1,2200,2200
0134.006.0051,4400,2,2200,2200
0134.006.0052,348,4,87,87
0134.006.0053,9089,41,221.682926829268,221.682926829268
0134.006.0054,3400,2,1700,1700
0134.006.0055,27500,5,5500,5500
0134.006.0056,11000,2,5500,5500
0134.006.0057,64736.85,3,21578.95,21578.95
0134.006.0058,57541.6,1,57541.6,57541.6
0134.006.0059,7016.75,10,701.675,701.675
0134.007.0001,55125,63,875,875
0134.007.0002,,,0,0
0134.007.0003,13825,3950,3.5,3.5
0134.007.0004,12908,3688,3.5,3.5
0134.007.0005,2961,846,3.5,3.5
0134.007.0006,266,76,3.5,3.5
0134.007.0007,,,0,0
0134.007.0008,500,100,5,5
0134.007.0009,,,0,0
0134.007.0010,0,0,0,0
0134.007.0011,0,0,0,0
0134.007.0012,0,0,0,0
0134.007.0013,2850,10,285,285
0134.007.0014,13110,46,285,285
0134.007.0015,,,0,0
0134.007.0016,17670,62,285,285
0134.008.0001,64050,610,105,105
0134.008.0002,3622.5,31.5,115,115
0134.008.0003,,,0,0
0134.008.0004,,,0,0
0134.008.0005,,,0,0
0134.008.0006,,,0,0
0134.008.0007,21600,160,135,135
0134.009.0001,2660.5,1,2660.5,2660.5
0134.010.0001,24046.5,2,12023.25,12023.25
0134.010.0002,2460,3,820,820
0134.010.0003,,,0,0
0134.010.0004,,,0,0
Total - Miscellaneous,1516384.53,12261.6,123.669384908984,123.669384908984
MUX,,,0,0
MUX,,,0,0
0074.001.0001,6350,1,6350,6350
0074.001.0002,6200,1,6200,6200
0074.001.0003,6500,1,6500,6500
0074.001.0004,6200,1,6200,6200
0074.001.0005,6200,1,6200,6200
Total - MUX,31450,5,6290,6290
Pelton Turbine,,,0,0
Pelton Turbine,,,0,0
0020.001.0001,0,0,0,0
0020.001.0002,3500,4,875,875
0020.001.0003,,,0,0
0020.001.0004,188340,4,47085,47085
0020.001.0005,588365,18,32686.9444444444,32686.9444444444
0020.001.0006,364635,18,20257.5,20257.5
0020.001.0007,288092.2,1,288092.2,288092.2
0020.001.0008,72975,21,3475,3475
0020.001.0009,101318.64,33,3070.26181818182,3070.26181818182
0020.001.0010,101587,29,3503,3503
0020.001.0011,63172,22,2871.45454545455,2871.45454545455
0020.001.0012,82.3,41,2.00731707317073,2.00731707317073
0020.001.0013,5105.3,58,88.0224137931035,88.0224137931035
0020.001.0014,6880.75,63,109.218253968254,109.218253968254
0020.001.0015,1355.75,32,42.3671875,42.3671875
0020.001.0016,741.4,28,26.4785714285714,26.4785714285714
0020.001.0017,634.33,28,22.6546428571429,22.6546428571429
0020.001.0018,169370.55,45,3763.79,3763.79
0020.001.0019,38093.68,21,1813.98476190476,1813.98476190476
0020.001.0020,55633.8,16,3477.1125,3477.1125
0020.001.0021,8912,16,557,557
0020.001.0022,1043.44,52,20.0661538461538,20.0661538461538
0020.001.0023,,,0,0
0020.001.0024,,,0,0
0020.001.0025,4225.35,20,211.2675,211.2675
0020.001.0026,315.35,73,4.31986301369863,4.31986301369863
0020.001.0027,7712.25,91,84.75,84.75
0020.001.0028,380535,5,76107,76107
0020.001.0029,1160000,4,290000,290000
0020.001.0030,0,0,0,0
0020.001.0031,17945,97,185,185
0020.001.0032,12395,67,185,185
0020.001.0033,2850,3,950,950
0020.001.0034,2107433.18,14,150530.941428571,150530.941428571
0020.001.0035,39200,14,2800,2800
0020.001.0036,33019.78,2,16509.89,16509.89
0020.001.0037,39882,3,13294,13294
0020.001.0038,53176,4,13294,13294
0020.001.0039,15198,2,7599,7599
0020.001.0040,31798.5,3,10599.5,10599.5
0020.001.0041,0,0,0,0
0020.001.0042,0,0,0,0
0020.001.0043,31604.75,31,1019.50806451613,1019.50806451613
0020.001.0044,409529.72,5,81905.944,81905.944
0020.001.0045,69332.71,13,5333.28538461539,5333.28538461539
0020.001.0046,87692.81,12,7307.73416666667,7307.73416666667
0020.001.0047,,,0,0
0020.001.0048,864.45,3,288.15,288.15
0020.001.0049,63551.38,37,1717.60486486486,1717.60486486486
0020.001.0050,18205.44,31,587.272258064516,587.272258064516
0020.001.0051,403.29,2,201.645,201.645
0020.001.0052,6750,5,1350,1350
0020.001.0053,3024.94,15,201.662666666667,201.662666666667
0020.001.0054,193500,196,987.244897959184,987.244897959184
0020.001.0055,20114,89,226,226
0020.001.0056,34089.25,1,34089.25,34089.25
0020.001.0057,8050,23,350,350
0020.001.0058,6637.57,32,207.4240625,207.4240625
0020.001.0059,1029000,7,147000,147000
0020.001.0060,1412.5,1,1412.5,1412.5
0020.001.0065,0,0,0,0
0020.001.0066,19775,50,395.5,395.5
0020.001.0067,0,0,0,0
0020.001.0068,0,0,0,0
0020.001.0069,302796.6,66,4587.82727272727,4587.82727272727
0020.001.0070,45006.6,5,9001.32,9001.32
0020.001.0071,9689.75,49,197.75,197.75
0020.001.0072,48995.7,10,4899.57,4899.57
0020.001.0073,41810.7,15,2787.38,2787.38
0020.001.0074,0,0,0,0
0020.001.0075,0,0,0,0
0020.001.0076,181933.48,1,181933.48,181933.48
0020.001.0077,6090.7,22,276.85,276.85
0020.001.0078,6554,20,327.7,327.7
0020.001.0079,8452.4,17,497.2,497.2
0020.001.0080,12339.6,13,949.2,949.2
0020.001.0081,0,0,0,0
0020.001.0082,0,0,0,0
0020.001.0083,13729.5,54,254.25,254.25
0020.001.0084,1474.65,29,50.85,50.85
0020.001.0085,13560,5,2712,2712
0020.001.0086,98762,4,24690.5,24690.5
0020.001.0087,61020,3,20340,20340
0020.001.0088,34352,1,34352,34352
0020.001.0089,406800,2,203400,203400
0020.001.0090,406800,2,203400,203400
0020.001.0091,885732,4,221433,221433
0020.001.0092,464153.63,1,464153.63,464153.63
0020.001.0093,87802.35,15,5853.49,5853.49
0020.001.0094,,,0,0
0020.001.0095,,,0,0
0020.001.0096,,,0,0
0020.001.0097,56526.1,10,5652.61,5652.61
0020.001.0098,223601.3,10,22360.13,22360.13
0020.001.0099,92819.6,10,9281.96,9281.96
0020.002.0001,1921,1,1921,1921
0020.002.0002,118552.05,1,118552.05,118552.05
0020.002.0003,55204.95,1,55204.95,55204.95
0020.002.0004,0,0,0,0
Total - Pelton Turbine,11655542.02,1876,6212.97549040512,6212.97549040512
Pipe,,,0,0
Pipe,,,0,0
Corrugated,,,0,0
Corrugated,,,0,0
1002.006.0003,,,0,0
Total - Corrugated,0,0,0,0
Garden,,,0,0
Garden,,,0,0
1002.005.0004,,,0,0
Total - Garden,0,0,0,0
GI,,,0,0
GI,,,0,0
1002.002.0001,,,0,0
1002.002.0002,,,0,0
1002.002.0003,,,0,0
1002.002.0004,,,0,0
1002.002.0006,,,0,0
Total - GI,0,0,0,0
HDPE,,,0,0
HDPE,,,0,0
1002.003.0001,,,0,0
1002.003.0002,,,0,0
1002.003.0003,,,0,0
1002.003.0004,,,0,0
1002.003.0005,,,0,0
1002.003.0006,,,0,0
Total - HDPE,0,0,0,0
Hose,,,0,0
Hose,,,0,0
1002.007.0002,14403.25,254.9,56.5054923499411,56.5054923499411
1002.007.0003,0,0,0,0
Total - Hose,14403.25,254.9,56.5054923499411,56.5054923499411
MS,,,0,0
MS,,,0,0
1002.004.0001,,,0,0
1002.004.0002,,,0,0
Total - MS,0,0,0,0
PVC,,,0,0
PVC,,,0,0
1002.005.0001,,,0,0
1002.005.0002,,,0,0
1002.005.0003,,,0,0
Total - PVC,0,0,0,0
Suction,,,0,0
Suction,,,0,0
1002.006.0001,,,0,0
1002.006.0002,,,0,0
Total - Suction,0,0,0,0
Total - Pipe,14403.25,254.9,56.5054923499411,56.5054923499411
Pipe Fitting,,,0,0
Pipe Fitting,,,0,0
Bend,,,0,0
Bend,,,0,0
1001.001.0001,,,0,0
1001.001.0002,70.55,2,35.275,35.275
1001.001.0003,0,0,0,0
1001.001.0004,1250.4,16,78.15,78.15
1001.001.0005,,,0,0
1001.001.0006,,,0,0
1001.001.0007,2697.17,6,449.528333333333,449.528333333333
1001.001.0008,583.1,15,38.8733333333333,38.8733333333333
1001.001.0009,,,0,0
1001.001.0010,149.81,3,49.9366666666667,49.9366666666667
1001.001.0011,,,0,0
Total - Bend,4751.03,42,113.119761904762,113.119761904762
Coupling,,,0,0
Coupling,,,0,0
1001.011.0001,3928.02,3,1309.34,1309.34
1001.011.0002,0,0,0,0
1001.011.0003,0,0,0,0
1001.011.0004,9585.73,8,1198.21625,1198.21625
1001.011.0005,2618.85,2,1309.425,1309.425
1001.011.0006,7255.11,6,1209.185,1209.185
1001.011.0007,2609.07,2,1304.535,1304.535
1001.011.0008,3646.5,3,1215.5,1215.5
1001.011.0009,0,0,0,0
1001.011.0010,0,0,0,0
1001.011.0011,,,0,0
1001.011.0012,4816.44,4,1204.11,1204.11
1001.011.0013,0,0,0,0
1001.011.0014,0,0,0,0
Total - Coupling,34459.72,28,1230.70428571429,1230.70428571429
Elbow,,,0,0
Elbow,,,0,0
1001.002.0001,0,0,0,0
1001.002.0002,2067.62,72,28.7169444444444,28.7169444444444
1001.002.0003,1100.28,11,100.025454545455,100.025454545455
1001.002.0004,2057,11,187,187
1001.002.0006,431.9,1,431.9,431.9
1001.002.0007,762.17,2,381.085,381.085
1001.002.0008,588.62,1,588.62,588.62
1001.002.0009,0,0,0,0
1001.002.0010,880,17,51.7647058823529,51.7647058823529
1001.002.0011,,,0,0
Total - Elbow,7887.59,115,68.5877391304348,68.5877391304348
Flange,,,0,0
Flange,,,0,0
1001.003.0001,1221.73,8,152.71625,152.71625
1001.003.0002,,,0,0
1001.003.0003,0,0,0,0
1001.003.0004,0,0,0,0
Total - Flange,1221.73,8,152.71625,152.71625
Hose Tail,,,0,0
Hose Tail,,,0,0
1001.010.0011,0,0,0,0
1001.010.0012,0,0,0,0
1001.010.0013,0,0,0,0
Total - Hose Tail,0,0,0,0
Nipple,,,0,0
Nipple,,,0,0
1001.004.0001,0,0,0,0
1001.004.0002,0,0,0,0
1001.004.0003,0,0,0,0
1001.004.0004,0,0,0,0
1001.004.0005,0,0,0,0
1001.004.0006,0,0,0,0
1001.004.0007,0,0,0,0
1001.004.0008,0,0,0,0
1001.004.0009,0,0,0,0
1001.004.0010,5702.25,83,68.7018072289157,68.7018072289157
1001.004.0011,0,0,0,0
1001.004.0012,2418.29,22,109.922272727273,109.922272727273
1001.004.0013,300.33,2,150.165,150.165
1001.004.0014,155.76,1,155.76,155.76
1001.004.0015,,,0,0
1001.004.0016,,,0,0
1001.004.0017,0,0,0,0
1001.004.0018,222,3,74,74
1001.004.0019,0,0,0,0
1001.004.0020,0,0,0,0
Total - Nipple,8798.63,111,79.2669369369369,79.2669369369369
Nipple BSP,,,0,0
Nipple BSP,,,0,0
1001.010.0001,0,0,0,0
1001.010.0002,0,0,0,0
1001.010.0003,2923.15,4,730.7875,730.7875
1001.010.0004,144.71,1,144.71,144.71
1001.010.0005,267.47,2,133.735,133.735
1001.010.0006,201.45,1,201.45,201.45
1001.010.0007,0,0,0,0
1001.010.0008,0,0,0,0
1001.010.0009,264.98,1,264.98,264.98
1001.010.0010,2192.15,3,730.716666666667,730.716666666667
Total - Nipple BSP,5993.91,12,499.4925,499.4925
Plug/End Cap,,,0,0
Plug/End Cap,,,0,0
1001.005.0001,,,0,0
1001.005.0002,0,0,0,0
1001.005.0003,0,0,0,0
1001.005.0004,,,0,0
1001.005.0005,123.67,3,41.2233333333333,41.2233333333333
1001.005.0006,327.42,2,163.71,163.71
1001.005.0007,100.09,6,16.6816666666667,16.6816666666667
1001.005.0008,221.85,8,27.73125,27.73125
Total - Plug/End Cap,773.03,19,40.6857894736842,40.6857894736842
Reducer,,,0,0
Reducer,,,0,0
1001.006.0001,0,0,0,0
1001.006.0002,,,0,0
1001.006.0003,0,0,0,0
1001.006.0004,3324.55,42,79.1559523809524,79.1559523809524
1001.006.0005,1524.16,13,117.243076923077,117.243076923077
1001.006.0006,1465.4,16,91.5875,91.5875
1001.006.0007,3493.38,26,134.360769230769,134.360769230769
1001.006.0008,3493.5,26,134.365384615385,134.365384615385
1001.006.0009,4807.06,41,117.245365853659,117.245365853659
1001.006.0010,566.1,5,113.22,113.22
1001.006.0011,3951.48,12,329.29,329.29
1001.006.0012,1317.5,2,658.75,658.75
1001.006.0013,1129.65,5,225.93,225.93
Total - Reducer,25072.78,188,133.36585106383,133.36585106383
Socket,,,0,0
Socket,,,0,0
1001.008.0001,0,0,0,0
1001.008.0002,0,0,0,0
1001.008.0003,0,0,0,0
1001.008.0005,2014.5,20,100.725,100.725
1001.008.0007,0,0,0,0
1001.008.0009,1295.61,7,185.087142857143,185.087142857143
Total - Socket,3310.11,27,122.596666666667,122.596666666667
Tee Socket,,,0,0
Tee Socket,,,0,0
1001.007.0001,0,0,0,0
1001.007.0002,825.26,17,48.5447058823529,48.5447058823529
1001.007.0003,292.6,2,146.3,146.3
1001.007.0006,2292.04,5,458.408,458.408
1001.007.0007,4377.5,8,547.1875,547.1875
1001.007.0008,3656.71,55,66.4856363636364,66.4856363636364
1001.007.0009,297.13,4,74.2825,74.2825
1001.007.0010,4976.4,67,74.2746268656716,74.2746268656716
1001.007.0018,10060.6,39,257.964102564103,257.964102564103
1001.007.0019,2837.3,11,257.936363636364,257.936363636364
1001.007.0020,12640.77,49,257.974897959184,257.974897959184
1001.007.0025,,,0,0
1001.007.0026,6589.2,11,599.018181818182,599.018181818182
1001.007.0027,,,0,0
1001.007.0028,,,0,0
1001.007.0029,,,0,0
1001.007.0030,,,0,0
1001.007.0031,,,0,0
Total - Tee Socket,48845.51,268,182.259365671642,182.259365671642
Union,,,0,0
Union,,,0,0
1001.009.0001,670,5,134,134
1001.009.0002,2016,8,252,252
1001.009.0003,0,0,0,0
1001.009.0005,3528.64,12,294.053333333333,294.053333333333
1001.009.0006,8735.45,10,873.545,873.545
Total - Union,14950.09,35,427.145428571429,427.145428571429
Total - Pipe Fitting,156064.13,853,182.959120750293,182.959120750293
PLCC,,,0,0
PLCC,,,0,0
0070.001.0001,7200,1,7200,7200
0070.001.0002,85,1,85,85
0070.001.0003,,,0,0
0070.001.0004,6618.95,1,6618.95,6618.95
0070.001.0005,7300,1,7300,7300
0070.001.0006,,,0,0
0070.001.0007,,,0,0
0070.001.0008,,,0,0
0070.001.0009,6350,1,6350,6350
0070.001.0010,6500,1,6500,6500
0070.001.0011,,,0,0
0070.001.0012,6300,1,6300,6300
0070.001.0013,6618.95,1,6618.95,6618.95
0070.001.0014,6618.95,1,6618.95,6618.95
0070.001.0015,6618.95,1,6618.95,6618.95
0070.001.0016,,,0,0
0070.001.0017,,,0,0
0070.004.0001,6300,1,6300,6300
0070.004.0002,6000,1,6000,6000
0070.004.0003,6000,1,6000,6000
0070.004.0004,6000,1,6000,6000
0070.004.0005,6200,1,6200,6200
Total - PLCC,90710.8,15,6047.38666666667,6047.38666666667
Pressure Shaft,,,0,0
Pressure Shaft,,,0,0
0010.001.0001,269934.5,1,269934.5,269934.5
0010.001.0002,416,2,208,208
0010.001.0003,705,1,705,705
0010.001.0004,3177.3,60,52.955,52.955
Total - Pressure Shaft,274232.8,64,4284.8875,4284.8875
Refrigeration,,,0,0
Relay Protections,,,0,0
Relay Protections,,,0,0
0049.001.0001,33426.66,50,668.5332,668.5332
0049.001.0002,3342.62,5,668.524,668.524
0049.001.0003,700,2,350,350
0049.001.0004,350,1,350,350
0049.001.0005,690,3,230,230
0049.001.0006,8260.84,32,258.15125,258.15125
0049.001.0007,2145,3,715,715
0049.001.0008,750,2,375,375
0049.001.0009,770,2,385,385
0049.001.0010,2300,2,1150,1150
0049.001.0011,1175,1,1175,1175
0049.001.0012,3600,3,1200,1200
0049.001.0013,3465,3,1155,1155
0049.001.0014,0,0,0,0
0049.001.0015,8085,7,1155,1155
0049.001.0016,,,0,0
0049.001.0017,6930,6,1155,1155
0049.001.0018,1235,1,1235,1235
0049.001.0019,3915,3,1305,1305
0049.001.0020,7000,5,1400,1400
0049.001.0021,2175,3,725,725
0049.001.0022,,,0,0
0049.001.0023,1630,2,815,815
0049.001.0024,815,1,815,815
0049.001.0025,815,1,815,815
0049.001.0026,1550,2,775,775
0049.001.0027,3720,6,620,620
0049.001.0028,13345,17,785,785
0049.001.0029,17117.51,6,2852.91833333333,2852.91833333333
0049.001.0030,6500,5,1300,1300
0049.001.0031,1387,1,1387,1387
0049.001.0032,61096.3,2,30548.15,30548.15
0049.001.0033,14345,19,755,755
0049.001.0034,20652.45,24,860.51875,860.51875
0049.001.0035,7400,8,925,925
0049.001.0036,705,1,705,705
0049.001.0037,1410,2,705,705
0049.001.0038,4278,6,713,713
0049.001.0039,0,0,0,0
0049.001.0040,725,1,725,725
0049.001.0041,3280,4,820,820
0049.001.0042,820,1,820,820
0049.001.0043,1640,2,820,820
0049.001.0044,835,1,835,835
0049.001.0045,2456,4,614,614
0049.001.0046,91644.45,3,30548.15,30548.15
0049.001.0047,30541.35,2,15270.675,15270.675
0049.001.0048,0,0,0,0
0049.001.0049,3182.4,2,1591.2,1591.2
0049.001.0050,1292,2,646,646
0049.001.0051,24000,3,8000,8000
0049.001.0052,1640,2,820,820
0049.001.0053,,,0,0
0049.001.0054,2289.9,1,2289.9,2289.9
0049.001.0055,1320,1,1320,1320
0049.001.0056,36637.55,1,36637.55,36637.55
0049.001.0057,24656.8,5,4931.36,4931.36
0049.001.0058,14119.35,3,4706.45,4706.45
0049.001.0059,0,0,0,0
0049.001.0060,4990.77,1,4990.77,4990.77
0049.001.0061,9981.97,1,9981.97,9981.97
0049.001.0062,12841.8,5,2568.36,2568.36
0049.001.0063,9690.57,4,2422.6425,2422.6425
0049.001.0064,680751.4,6,113458.566666667,113458.566666667
0049.001.0065,6433.65,3,2144.55,2144.55
0049.001.0066,675,1,675,675
0049.001.0067,46335.2,1,46335.2,46335.2
0049.001.0068,46335.2,1,46335.2,46335.2
0049.001.0069,152243.5,1,152243.5,152243.5
0049.001.0070,304487.85,1,304487.85,304487.85
0049.001.0071,4518574.76,4,1129643.69,1129643.69
0049.001.0072,545800.81,1,545800.81,545800.81
0049.001.0073,535403.87,1,535403.87,535403.87
0049.001.0074,247130.67,1,247130.67,247130.67
Total - Relay Protections,7609838.2,307,24787.7465798046,24787.7465798046
Sealants,,,0,0
Sealants,,,0,0
1006.002.0001,,,0,0
1006.002.0007,750,3,250,250
1006.003.0002,,,0,0
1006.003.0004,0,0,0,0
1006.003.0005,,,0,0
1006.003.0007,0,0,0,0
1006.003.0008,,,0,0
1006.003.0009,,,0,0
1006.003.0010,0,0,0,0
1006.004.0001,0,0,0,0
Total - Sealants,750,3,250,250
Secondary Cooling Water,,,0,0
Secondary Cooling Water,,,0,0
0024.001.0001,629605.08,2,314802.54,314802.54
0024.001.0002,191455.95,1,191455.95,191455.95
0024.001.0003,231255.06,2,115627.53,115627.53
0024.001.0004,145755.56,2,72877.78,72877.78
0024.001.0005,172976.85,5,34595.37,34595.37
0024.001.0006,78622,10,7862.2,7862.2
0024.001.0007,300520.1,10,30052.01,30052.01
0024.001.0008,172976.85,5,34595.37,34595.37
Total - Secondary Cooling Water,1923167.45,37,51977.4986486486,51977.4986486486
Steel,,,0,0
Steel,,,0,0
Beam,,,0,0
Beam,,,0,0
1000.005.0001,,,0,0
1000.005.0002,0,0,0,0
1000.005.0003,,,0,0
1000.005.0004,,,0,0
Total - Beam,0,0,0,0
Clamp,,,0,0
Clamp,,,0,0
1000.011.0001,,,0,0
1000.011.0002,,,0,0
1000.011.0003,,,0,0
1000.011.0004,,,0,0
1000.011.0005,,,0,0
1000.011.0006,,,0,0
1000.011.0007,,,0,0
1000.011.0008,,,0,0
1000.011.0011,600,10,60,60
1000.011.0012,53.08,4,13.27,13.27
1000.011.0013,0,0,0,0
1000.011.0014,170.56,7,24.3657142857143,24.3657142857143
1000.011.0015,902.7,34,26.55,26.55
1000.011.0016,,,0,0
1000.011.0017,,,0,0
1000.011.0018,,,0,0
1000.011.0019,,,0,0
1000.011.0020,109.65,9,12.1833333333333,12.1833333333333
1000.011.0021,,,0,0
1000.011.0022,,,0,0
1000.011.0023,,,0,0
1000.011.0024,3664.23,4,916.0575,916.0575
1000.011.0025,,,0,0
1000.011.0026,0,0,0,0
1000.011.0027,0,0,0,0
1000.011.0028,0,0,0,0
1000.011.0029,0,0,0,0
Total - Clamp,5500.22,68,80.8855882352941,80.8855882352941
Iron,,,0,0
Iron,,,0,0
Angle,,,0,0
Angle,,,0,0
1000.001.0001,,,0,0
1000.001.0002,0,0,0,0
1000.001.0003,,,0,0
1000.001.0004,,,0,0
1000.001.0005,0,0,0,0
1000.001.0006,,,0,0
1000.001.0007,0,0,0,0
1000.001.0008,0,0,0,0
1000.001.0010,0,0,0,0
Total - Angle,0,0,0,0
Channel,,,0,0
Channel,,,0,0
1000.004.0001,,,0,0
1000.004.0002,0,0,0,0
1000.004.0003,0,0,0,0
Total - Channel,0,0,0,0
Flat,,,0,0
Flat,,,0,0
1000.002.0001,,,0,0
1000.002.0002,0,0,0,0
1000.002.0003,0,0,0,0
1000.002.0004,,,0,0
1000.002.0005,,,0,0
Total - Flat,0,0,0,0
Total - Iron,0,0,0,0
Mesh,,,0,0
Mesh,,,0,0
Chain Link,,,0,0
Chain Link,,,0,0
1000.010.0002,,,0,0
1000.010.0003,,,0,0
1000.010.0004,,,0,0
Total - Chain Link,0,0,0,0
Chicken Wire,,,0,0
Chicken Wire,,,0,0
1000.010.0007,,,0,0
1000.010.0008,,,0,0
Total - Chicken Wire,0,0,0,0
Fly Screen,,,0,0
Fly Screen,,,0,0
1000.010.0005,,,0,0
1000.010.0006,,,0,0
Total - Fly Screen,0,0,0,0
Wire,,,0,0
Wire,,,0,0
1000.010.0009,,,0,0
Total - Wire,0,0,0,0
Total - Mesh,0,0,0,0
Plate,,,0,0
Plate,,,0,0
1000.007.0001,,,0,0
1000.007.0002,,,0,0
1000.007.0003,,,0,0
1000.007.0004,,,0,0
1000.007.0005,0,0,0,0
Total - Plate,0,0,0,0
Rod,,,0,0
Rod,,,0,0
1000.006.0004,,,0,0
1000.006.0005,,,0,0
1000.006.0006,,,0,0
1000.006.0007,518.94,7.19,72.1752433936022,72.1752433936022
Total - Rod,518.94,7.19,72.1752433936022,72.1752433936022
Shaft,,,0,0
Shaft,,,0,0
1000.013.0001,4955.13,14.36,345.064763231198,345.064763231198
1000.013.0003,,,0,0
Total - Shaft,4955.13,14.36,345.064763231198,345.064763231198
Sheet,,,0,0
Sheet,,,0,0
1000.008.0001,,,0,0
1000.008.0002,,,0,0
1000.008.0003,,,0,0
1000.008.0004,,,0,0
1000.008.0005,,,0,0
1000.008.0006,,,0,0
1000.008.0007,,,0,0
1000.008.0008,,,0,0
1000.008.0009,,,0,0
1000.008.0010,,,0,0
1000.008.0011,0,0,0,0
Total - Sheet,0,0,0,0
Tor,,,0,0
Tor,,,0,0
1000.006.0001,,,0,0
1000.006.0002,,,0,0
1000.006.0003,,,0,0
Total - Tor,0,0,0,0
Tube,,,0,0
Tube,,,0,0
1000.003.0001,0,0,0,0
1000.003.0002,0,0,0,0
1000.003.0003,,,0,0
1000.003.0004,,,0,0
Total - Tube,0,0,0,0
Wire,,,0,0
Wire,,,0,0
Barbed,,,0,0
Barbed,,,0,0
1000.009.0001,,,0,0
1000.009.0002,,,0,0
1000.009.0003,,,0,0
Total - Barbed,0,0,0,0
Binding,,,0,0
Binding,,,0,0
1000.009.0004,,,0,0
Total - Binding,0,0,0,0
Gabin,,,0,0
Gabin,,,0,0
1000.009.0005,,,0,0
1000.009.0007,,,0,0
Total - Gabin,0,0,0,0
Total - Wire,0,0,0,0
Total - Steel,10974.29,89.55,122.549302065885,122.549302065885
Surge Arrestors,,,0,0
Surge Arrestors,,,0,0
0043.001.0001,842265,3,280755,280755
0043.001.0002,13000,1,13000,13000
Total - Surge Arrestors,855265,4,213816.25,213816.25
Switchgears,,,0,0
Switchgears,,,0,0
0039.001.0001,23625,35,675,675
0039.001.0002,10050,3,3350,3350
0039.001.0003,16625,5,3325,3325
0039.001.0004,1250,5,250,250
1000.007.0006,9435.85,3,3145.28333333333,3145.28333333333
2010.001.0001,1465.4,1,1465.4,1465.4
2010.001.0002,9160.45,3,3053.48333333333,3053.48333333333
Total - Switchgears,71611.7,55,1302.03090909091,1302.03090909091
Tape,,,0,0
Tape,,,0,0
1006.004.0002,,,0,0
1006.005.0001,,,0,0
1006.005.0002,,,0,0
Total - Tape,0,0,0,0
Telephone Exchg,,,0,0
Telephone Exchg,,,0,0
0080.001.0001,420,1,420,420
0080.001.0002,109610,2,54805,54805
0080.001.0003,5350,1,5350,5350
Total - Telephone Exchg,115380,4,28845,28845
Tools,,,0,0
Tools,,,0,0
0102.001.0001,0,0,0,0
Total - Tools,0,0,0,0
Tractor,,,0,0
Tractor,,,0,0
0124.001.0001,7213.49,6,1202.24833333333,1202.24833333333
0124.001.0002,0,0,0,0
0124.001.0003,5595.95,4,1398.9875,1398.9875
0124.001.0004,2000,1,2000,2000
Total - Tractor,14809.44,11,1346.31272727273,1346.31272727273
Transformer,,,0,0
Transformer,,,0,0
Current,,,0,0
Current,,,0,0
0045.001.0001,542622.17,2,271311.085,271311.085
0045.001.0002,543035.67,1,543035.67,543035.67
Total - Current,1085657.84,3,361885.946666667,361885.946666667
Distribution,,,0,0
Distribution,,,0,0
0029.001.0002,9097.55,2,4548.775,4548.775
Total - Distribution,9097.55,2,4548.775,4548.775
Main,,,0,0
Main,,,0,0
0027.001.0001,602,1,602,602
0027.001.0002,1160,2,580,580
0027.001.0003,605,1,605,605
0027.001.0004,5219,17,307,307
0027.001.0005,3708,12,309,309
0027.001.0006,11457,19,603,603
0027.001.0007,4824,8,603,603
0027.001.0008,7383,69,107,107
0027.001.0009,0,0,0,0
0027.001.0010,0,0,0,0
0027.001.0011,0,0,0,0
0027.001.0012,350,1,350,350
0027.001.0013,13000,2,6500,6500
0027.001.0014,5000,2,2500,2500
0027.001.0015,1863933.5,3620,514.898756906077,514.898756906077
0027.001.0016,7700,2,3850,3850
0027.001.0017,2778,1,2778,2778
0027.001.0018,5440,2,2720,2720
0027.001.0019,820,1,820,820
0027.001.0020,2775,3,925,925
0027.001.0021,978,1,978,978
0027.001.0022,5160,3,1720,1720
0027.001.0023,4500,3,1500,1500
0027.001.0024,3350,2,1675,1675
0027.001.0025,0,0,0,0
0027.001.0026,4356,2,2178,2178
0027.001.0027,0,0,0,0
0027.001.0028,304277.13,9,33808.57,33808.57
0027.001.0029,625285.5,93,6723.5,6723.5
0027.002.0001,456434.64,3,152144.88,152144.88
0027.002.0002,360,1,360,360
Total - Main,3341455.77,3880,861.199940721649,861.199940721649
Station,,,0,0
Station,,,0,0
0028.001.0001,13238.75,1,13238.75,13238.75
0029.001.0001,35529.18,475,74.7982736842105,74.7982736842105
Total - Station,48767.93,476,102.453634453782,102.453634453782
Voltage,,,0,0
Voltage,,,0,0
0044.001.0001,547325.17,2,273662.585,273662.585
Total - Voltage,547325.17,2,273662.585,273662.585
Total - Transformer,5032304.26,4363,1153.40459775384,1153.40459775384
Turbine Governor,,,0,0
Turbine Governor,,,0,0
0021.001.0001,4600,1,4600,4600
0021.001.0002,4500,1,4500,4500
0021.001.0003,85,2,42.5,42.5
0021.001.0004,5400,1,5400,5400
0021.001.0005,5500,1,5500,5500
0021.001.0006,52817.3,1,52817.3,52817.3
0021.001.0007,43214,1,43214,43214
0021.001.0008,38892.6,1,38892.6,38892.6
0021.001.0009,5600,1,5600,5600
0021.001.0010,5700,1,5700,5700
0021.001.0011,14404.95,3,4801.65,4801.65
0021.001.0012,,,0,0
0021.001.0013,5800,1,5800,5800
0021.001.0014,5200,1,5200,5200
0021.001.0015,950,1,950,950
0021.001.0016,1120,1,1120,1120
0021.001.0017,63810.35,4,15952.5875,15952.5875
0021.001.0018,4321.4,1,4321.4,4321.4
0021.001.0019,4321.4,1,4321.4,4321.4
0021.001.0020,0,0,0,0
0021.001.0021,0,0,0,0
0021.001.0022,10800,2,5400,5400
0021.001.0023,13444.45,1,13444.45,13444.45
0021.001.0024,6618.95,1,6618.95,6618.95
0021.001.0025,3440,2,1720,1720
0021.001.0026,91677.6,1,91677.6,91677.6
0021.001.0027,5200,1,5200,5200
0021.001.0028,1095,3,365,365
0021.001.0029,2190,6,365,365
0021.001.0030,730,2,365,365
0021.001.0031,,,0,0
0021.001.0032,77680.65,1,77680.65,77680.65
0021.001.0033,0,0,0,0
0021.001.0034,12500,1,12500,12500
0021.001.0035,1300,1,1300,1300
0021.001.0036,0,0,0,0
0021.001.0037,,,0,0
0021.001.0038,379680,3,126560,126560
0021.001.0039,1431837.7,13,110141.361538462,110141.361538462
0021.001.0040,134687.5,2,67343.75,67343.75
0021.001.0041,1300,1,1300,1300
0021.001.0042,,,0,0
0021.001.0043,4300,1,4300,4300
0021.001.0044,0,0,0,0
0021.001.0045,0,0,0,0
0021.001.0046,279500.2,7,39928.6,39928.6
0021.001.0047,962757.3,5,192551.46,192551.46
0021.001.0048,0,0,0,0
0021.001.0049,103822.4,2,51911.2,51911.2
0021.001.0050,227269.98,14,16233.57,16233.57
0021.001.0051,536061,2,268030.5,268030.5
0021.001.0052,,,0,0
0021.001.0053,341321.26,3,113773.753333333,113773.753333333
0021.001.0054,114712.5,1,114712.5,114712.5
0021.001.0055,21047.7,2,10523.85,10523.85
0021.001.0056,0,0,0,0
0021.001.0057,710662.68,1323,537.16,537.16
0021.001.0062,79145.28,87,909.715862068965,909.715862068965
0021.001.0063,3058941,6,509823.5,509823.5
0021.001.0064,1830021,3,610007,610007
0021.001.0065,426173.01,3,142057.67,142057.67
0021.001.0066,336401.9,12,28033.4916666667,28033.4916666667
0021.001.0067,168298.2,15,11219.88,11219.88
0021.001.0068,11907.52,32,372.11,372.11
0021.001.0069,985271.46,3,328423.82,328423.82
0021.001.0070,491449.75,1,491449.75,491449.75
0021.001.0071,6660.5,2,3330.25,3330.25
0021.001.0072,345994.98,10,34599.498,34599.498
0021.001.0073,490281.24,13,37713.9415384615,37713.9415384615
0021.001.0074,285626.65,2,142813.325,142813.325
0021.001.0075,0,0,0,0
0021.001.0076,31684.95,1,31684.95,31684.95
0021.001.0077,0,0,0,0
0021.001.0078,231771.75,1,231771.75,231771.75
0021.001.0079,0,0,0,0
0021.001.0080,33000,4,8250,8250
0021.001.0081,99750,4,24937.5,24937.5
0021.001.0082,0,0,0,0
0021.001.0083,191795,2,95897.5,95897.5
0021.001.0084,18317.5,1,18317.5,18317.5
0021.001.0085,309529.81,1,309529.81,309529.81
0021.001.0086,140110.84,2,70055.42,70055.42
0021.001.0087,41810,10,4181,4181
0021.001.0088,,,0,0
0021.001.0089,183664.5,10,18366.45,18366.45
0021.001.0090,44070,2,22035,22035
0022.001.0069,14750,1,14750,14750
0022.001.0070,17400,5,3480,3480
Total - Turbine Governor,15615700.71,1658,9418.39608564536,9418.39608564536
Valve,,,0,0
Valve,,,0,0
Ball,,,0,0
Ball,,,0,0
1005.001.0001,,,0,0
1005.001.0002,,,0,0
1005.001.0003,,,0,0
Total - Ball,0,0,0,0
By-Pass,,,0,0
By-Pass,,,0,0
0019.001.0001,1250,5,250,250
0019.001.0002,250,1,250,250
Total - By-Pass,1500,6,250,250
Float,,,0,0
Float,,,0,0
1005.002.0001,577.15,2,288.575,288.575
Total - Float,577.15,2,288.575,288.575
Gate,,,0,0
Gate,,,0,0
1005.003.0001,0,0,0,0
1005.003.0002,5250,6,875,875
1005.003.0003,0,0,0,0
1005.003.0006,0,0,0,0
Total - Gate,5250,6,875,875
Inlet,,,0,0
Inlet,,,0,0
0017.001.0001,1680,4,420,420
0017.001.0002,360,2,180,180
0017.001.0003,12000,10,1200,1200
0017.001.0004,107624.1,13,8278.77692307692,8278.77692307692
0017.001.0005,350,1,350,350
0017.001.0006,1460,4,365,365
0017.001.0007,690,2,345,345
0017.001.0008,690,2,345,345
0017.001.0009,690,2,345,345
0017.001.0010,365,1,365,365
0017.001.0011,740,2,370,370
0017.001.0012,710,2,355,355
0017.001.0013,,,0,0
0017.001.0014,133828.38,4,33457.095,33457.095
0017.001.0015,,,0,0
0017.001.0016,1965267.15,1,1965267.15,1965267.15
0017.001.0017,607,1,607,607
0017.001.0018,795550.95,6,132591.825,132591.825
0017.001.0019,795,1,795,795
0017.001.0020,270,1,270,270
0017.001.0021,260,1,260,260
0017.001.0022,250,1,250,250
0017.001.0023,500,2,250,250
0017.001.0024,250,1,250,250
0017.001.0025,250,1,250,250
0017.001.0026,38605.75,23,1678.51086956522,1678.51086956522
0017.001.0027,1517.08,1,1517.08,1517.08
0017.001.0028,16104,122,132,132
0017.001.0029,313523.37,4,78380.8425,78380.8425
0017.001.0030,2480,4,620,620
0017.001.0031,3179,11,289,289
0017.001.0032,2890,10,289,289
0017.001.0033,14280,4,3570,3570
0017.001.0034,0,0,0,0
0017.001.0038,535620,4,133905,133905
0017.001.0039,198507.1,2,99253.55,99253.55
0017.001.0040,474044,1,474044,474044
0017.001.0041,122754.98,1,122754.98,122754.98
0017.001.0042,764281.17,3,254760.39,254760.39
0017.001.0043,42940,2,21470,21470
Total - Inlet,5555914.03,257,21618.3425291829,21618.3425291829
Revision,,,0,0
Revision,,,0,0
0016.001.0001,563850,4,140962.5,140962.5
Total - Revision,563850,4,140962.5,140962.5
Shutdown,,,0,0
Shutdown,,,0,0
0018.001.0001,260,4,65,65
0018.001.0002,260,5,52,52
0018.001.0003,240,6,40,40
0018.001.0004,225,5,45,45
0018.001.0005,500,2,250,250
0018.001.0006,566,2,283,283
0018.001.0007,1812,6,302,302
0018.001.0008,650,2,325,325
0018.001.0009,4340,14,310,310
0018.001.0010,2880,9,320,320
0018.001.0011,1560,4,390,390
0018.001.0012,900,5,180,180
0018.001.0013,1400,4,350,350
0018.001.0014,800,4,200,200
0018.001.0015,2400,16,150,150
0018.001.0016,7680,64,120,120
0018.001.0017,6750,45,150,150
0018.001.0018,2640,12,220,220
0018.001.0019,350,1,350,350
0018.001.0020,325,1,325,325
0018.001.0021,42465,149,285,285
0018.001.0022,7500,6,1250,1250
0018.001.0023,620,1,620,620
0018.001.0024,3015,9,335,335
0018.001.0025,676,2,338,338
0018.001.0026,690,2,345,345
0018.001.0027,418,1,418,418
0018.001.0028,620,1,620,620
0018.001.0029,0,0,0,0
0018.001.0030,735,1,735,735
0018.001.0031,385,1,385,385
0018.001.0032,193,1,193,193
0018.001.0033,366,2,183,183
0018.001.0034,609,3,203,203
0018.001.0035,3488,32,109,109
0018.001.0036,410,2,205,205
0018.001.0037,195,1,195,195
0018.001.0038,205,1,205,205
0018.001.0039,1192,4,298,298
0018.001.0040,459,1,459,459
0018.001.0041,475,1,475,475
0018.001.0042,2070,6,345,345
0018.001.0043,750,2,375,375
0018.001.0044,336,1,336,336
0018.001.0045,635,1,635,635
0018.001.0046,550,2,275,275
0018.001.0047,277,1,277,277
0018.001.0048,1260,3,420,420
0018.001.0049,614,2,307,307
0018.001.0050,620,1,620,620
0018.001.0051,435,1,435,435
0018.001.0052,1740,4,435,435
0018.001.0053,375,1,375,375
0018.001.0054,3920,1,3920,3920
0018.001.0055,3920,1,3920,3920
0018.001.0056,3920,1,3920,3920
0018.001.0057,478,1,478,478
Total - Shutdown,123154,461,267.145336225597,267.145336225597
Total - Valve,6250245.18,736,8492.18095108695,8492.18095108695
Ventilation,,,0,0
Voltage Reg,,,0,0
Voltage Reg,,,0,0
0023.001.0001,191884,2,95942,95942
0023.001.0002,610064,5,122012.8,122012.8
0023.001.0003,328570,3,109523.333333333,109523.333333333
0023.001.0004,0,0,0,0
0023.001.0005,18000,2,9000,9000
0023.001.0006,42940,2,21470,21470
0023.001.0007,36160,2,18080,18080
0023.001.0008,45200,5,9040,9040
0023.001.0009,18080,2,9040,9040
0023.001.0010,13560,2,6780,6780
0023.001.0011,15820,2,7910,7910
0023.001.0012,18080,2,9040,9040
0023.001.0013,22600,2,11300,11300
0023.001.0014,54240,2,27120,27120
0023.001.0015,11300,2,5650,5650
0023.001.0016,11300,2,5650,5650
0023.001.0017,1721103.46,2,860551.73,860551.73
0023.001.0018,66757.96,4,16689.49,16689.49
0023.001.0019,8605.52,11,782.32,782.32
0023.001.0020,13560.24,6,2260.04,2260.04
Total - Voltage Reg,3247825.18,60,54130.4196666667,54130.4196666667
Water Level Monitor,,,0,0
Water Level Monitor,,,0,0
0060.001.0001,485485.78,3,161828.593333333,161828.593333333
0060.001.0002,949121.25,1,949121.25,949121.25
Total - Water Level Monitor,1434607.03,4,358651.7575,358651.7575
Wheel Loader,,,0,0
Wheel Loader,,,0,0
0125.001.0001,0,0,0,0
0125.001.0002,0,0,0,0
0125.001.0003,0,0,0,0
0125.001.0004,0,0,0,0
0125.001.0005,0,0,0,0
0125.001.0006,0,0,0,0
0125.001.0007,0,0,0,0
0125.001.0008,0,0,0,0
0125.001.0009,0,0,0,0
0125.001.0010,,,0,0
0125.001.0011,0,0,0,0
0125.001.0012,0,0,0,0
0125.001.0013,0,0,0,0
0125.001.0014,0,0,0,0
0125.001.0015,0,0,0,0
0125.001.0016,0,0,0,0
0125.001.0017,0,0,0,0
0125.001.0018,0,0,0,0
0125.001.0019,,,0,0
0125.001.0020,,,0,0
0125.001.0021,0,0,0,0
0125.001.0022,0,0,0,0
0125.001.0023,0,0,0,0
0125.001.0024,0,0,0,0
0125.001.0025,,,0,0
0125.001.0026,0,0,0,0
0125.001.0027,0,0,0,0
0125.001.0028,,,0,0
0125.001.0029,0,0,0,0
0125.001.0030,16385.1,15,1092.34,1092.34
0125.001.0031,3615.8,1,3615.8,3615.8
0125.001.0032,7232,2,3616,3616
0125.001.0033,1518.54,1,1518.54,1518.54
0125.001.0034,12877.48,1,12877.48,12877.48
0125.001.0035,0,0,0,0
0125.001.0036,0,0,0,0
0125.001.0037,0,0,0,0
0125.001.0038,0,0,0,0
0125.001.0039,1692.47,1,1692.47,1692.47
0125.001.0040,0,0,0,0
Total - Wheel Loader,43321.39,21,2062.92333333333,2062.92333333333
Total - Inv,104283245.84,37188.99,2804.14299608567,2804.14299608567
Total - Inventory Item,104283245.84,37188.99,2804.14299608567,2804.14299608567
Total,104283245.84,37188.99,2804.14299608567,2804.14299608567
